<application>
  <component name="VimEditorSettings">
    <editor>
      <key-repeat enabled="false" />
    </editor>
  </component>
  <component name="VimKeySettings">
    <shortcut-conflicts />
  </component>
  <component name="VimMarksSettings">
    <globalmarks />
    <filemarks>
      <file name="$USER_HOME$/Documents/ClionProjects/ceres_hellow_world/CMakeLists.txt" timestamp="1590215313795">
        <mark key="[" line="1" column="0" />
        <mark key="]" line="1" column="0" />
        <mark key="." line="1" column="0" />
      </file>
      <file name="/" timestamp="1590214828288">
        <mark key="[" line="0" column="0" />
      </file>
    </filemarks>
    <jumps />
  </component>
  <component name="VimRegisterSettings">
    <registers>
      <register name="1" type="2">
        <text encoding="base64">cHJvamVjdChjZXJlc19oZWxsKQo=</text>
      </register>
      <register name="&quot;" type="2">
        <text encoding="base64">cHJvamVjdChjZXJlc19oZWxsKQo=</text>
      </register>
      <register name="-" type="4">
        <text>ow_world</text>
      </register>
    </registers>
  </component>
  <component name="VimSearchSettings">
    <search>
      <last-dir>0</last-dir>
      <show-last>false</show-last>
    </search>
  </component>
  <component name="VimSettings">
    <state version="6" enabled="false" />
    <notifications>
      <idea-join enabled="false" />
      <idea-put enabled="false" />
    </notifications>
  </component>
</application>